ID,Mann Name,ID,LongFeng Name
52a89b74098e71b2e500076d,东南三菱汽车 戈蓝 07款 2.4L 2006-2009,528af399098e71805900005a,三菱 戈蓝 2.4L 09/06 -> 
52a89b74098e71b2e5000776,东南三菱汽车 蓝瑟  1.6L 2006-2012,528af399098e71805900006c,三菱 蓝瑟 1.6L 05/06 -> 
52a89b74098e71b2e500077e,东南三菱汽车 三菱翼神  2.0L 2010-,528af399098e718059000063,三菱 翼神 2.0L 11/09 -> 
528af39f098e718059000286,中华(华晨) 骏捷 1.5L 07/09 -> ,52a89bbb098e71b2e5000c86,华晨汽车中华 骏捷 CrosS1.5L 2009.06-
528af39f098e71805900028a,中华(华晨) 骏捷 1.6L 07/09 -> ,52a89bba098e71b2e5000c83,华晨汽车中华 骏捷 11款 1.6L 2010.07-
528af39f098e718059000293,中华(华晨) 骏捷 1.8L 12/08 -> ,52a89bba098e71b2e5000c84,华晨汽车中华 骏捷 11款 1.8L 2010.07-
528af39f098e718059000297,中华(华晨) 骏捷 1.8T 12/08 -> ,52a89bba098e71b2e5000c85,华晨汽车中华 骏捷 11款 1.8T 2010.07-
528af39f098e7180590002a4,中华(华晨) 酷宝 1.8T (M3) 09/07 -> ,52a89bbe098e71b2e5000c98,华晨汽车中华 酷宝 1.8T 2007.01/2009.04
528af39f098e7180590002cc,中华(华晨) 尊驰 1.8T (M1) 03/07 -> ,52a89bb8098e71b2e5000c79,华晨汽车中华 尊驰  1.8T 2009.07-
528af39f098e7180590002d2,中华(华晨) 尊驰 2.0L (M1) 12/04 -> 07/09,52a89bb9098e71b2e5000c7e,华晨汽车中华 尊驰  2.0L 2009.07-
52945534098e7144f90001bc,中华(华晨) 尊驰 2.0L (M1) 07/09->,52a89bb9098e71b2e5000c81,华晨汽车中华 尊驰  2.0L 2010.06-
52a89b88098e71b2e50008bf,丰田（进口） 埃尔法 10款 2.4L 2010.1-,528af3a0098e7180590002e7,丰田(进口) 埃尔法 2.4 04/08 -> 
52a89b88098e71b2e50008c0,丰田（进口） 埃尔法 10款 3.5L 2010.1-,528af3a0098e7180590002ef,丰田(进口) 埃尔法 3.5 V6 04/08 -> 
528af3a1098e71805900035e,丰田(一汽) 卡罗拉 1.6L 05/07 -> 09/10,52a89b7d098e71b2e500081a,一汽丰田 卡罗拉  1.6L 2007-
528af3a1098e718059000366,丰田(一汽) 卡罗拉 1.8L 05/07 -> 09/10,52a89b7e098e71b2e500081b,一汽丰田 卡罗拉  1.8L 2007-
528af3a1098e71805900036e,丰田(一汽) 卡罗拉 2.0L 09/10 -> 12/11,52a89b7e098e71b2e500081c,一汽丰田 卡罗拉  2.0L 2011-
528af3a1098e718059000389,丰田(一汽) 皇冠 2.5L 02/05 -> 11/09,52a89b7f098e71b2e5000828,一汽丰田 皇冠  2.5L 2005-2009
528af3a1098e71805900038b,丰田(一汽) 皇冠 3.0L 02/05 -> 11/09,52a89b7f098e71b2e5000826,一汽丰田 皇冠  3.0L 2005-2009
528af3a1098e718059000392,丰田(一汽) 兰德酷路泽 4.0L 12/07 -> 02/12,52a89b81098e71b2e5000836,一汽丰田 兰德酷路泽  4.0L  2007-
528af3a1098e71805900039c,丰田(一汽) 兰德酷路泽 4.7L 12/07 -> 02/12,52a89b81098e71b2e5000837,一汽丰田 兰德酷路泽  4.7L  2007-
528af3a1098e7180590003a7,丰田(一汽) 威驰 1.5L 10/02 -> 08/06,52a89b7b098e71b2e500080f,一汽丰田 威驰  1.5L 2003-2006
52945536098e7144f900027c,丰田(一汽) 威驰 1.3L 10/02->08/06,52a89b7b098e71b2e500080c,一汽丰田 威驰  1.3L 2004-2006
528af3a1098e7180590003b0,丰田(一汽) 威驰 1.3L 10/08 -> ,52a89b7c098e71b2e5000810,一汽丰田 威驰 新 1.3L 2008-
528af3a1098e7180590003b6,丰田(一汽) 威驰 1.6L 10/08 -> ,52a89b7c098e71b2e5000813,一汽丰田 威驰 新 1.6L 2008-
528af3a2098e7180590003d0,丰田(一汽) 普瑞斯 1.8 hybrid 12/11 -> ,52a89b80098e71b2e5000830,一汽丰田 普锐斯  1.8L油电混合 2012-
528af3a2098e7180590003ea,丰田(一汽) 锐志 2.5L 10/05 -> 09/10,52a89b7e098e71b2e500081e,一汽丰田 锐志  2.5L 2005-2010
528af3a2098e7180590003f0,丰田(一汽) 锐志 3.0L 10/05 -> 09/10,52a89b7e098e71b2e5000822,一汽丰田 锐志  3.0L 2005-2010
52a89b81098e71b2e500083b,广汽丰田 凯美瑞 06款 200G 2006-2011,528af3a2098e7180590003f9,丰田(广州) 凯美瑞 2.0L 06/06 -> 12/11
52a89b81098e71b2e500083e,广汽丰田 凯美瑞 06款 240V 2006-2011,528af3a2098e718059000401,丰田(广州) 凯美瑞 2.4L 06/06 -> 12/11
52a89b81098e71b2e500083f,广汽丰田 凯美瑞 06款 240E 2006-2011,528af3a2098e718059000412,丰田(广州) 凯美瑞 2.4L 03/10 -> 12/11
52a89b82098e71b2e5000841,广汽丰田 凯美瑞 12款 骏 2.0S 2011-,52945537098e7144f90002c7,丰田(广州) 凯美瑞 2.0L 12/11->
52a89b82098e71b2e5000842,广汽丰田 凯美瑞 12款 尊 2.5L 2011-,528af3a2098e718059000409,丰田(广州) 凯美瑞 2.5L 12/11 -> 
52a89b83098e71b2e5000848,广汽丰田 雅力士 09款 1.3L 2008-2010,528af3a2098e71805900043f,丰田(广州) 雅力士 1.3L 06/08 -> 09/10
52a89b83098e71b2e5000849,广汽丰田 雅力士 09款 1.6L 2008-2010,528af3a3098e718059000445,丰田(广州) 雅力士 1.6L 06/08 -> 09/10
52a89b84098e71b2e500084d,广汽丰田 汉兰达  2.7L两驱 2009-2012,528af3a2098e718059000434,丰田(广州) 汉兰达 2.7L 05/09 -> 05/12
52a89b84098e71b2e500084f,广汽丰田 汉兰达  3.5L四驱 2009-2012,528af3a2098e718059000438,丰田(广州) 汉兰达 3.5L 05/09 -> 05/12
52a89b84098e71b2e5000850,广汽丰田 汉兰达 12款 2.7L两驱 2012-,52945538098e7144f90002fa,丰田(广州) 汉兰达 2.7L 06/12->
52a89b84098e71b2e5000853,广汽丰田 逸致  1.6L 2011.06-,528af3a2098e71805900041b,丰田(广州) 逸致 1.6L 06/11 -> 
52a89b84098e71b2e5000854,广汽丰田 逸致  1.8L 2011.06-,528af3a2098e718059000423,丰田(广州) 逸致 1.8L 06/11 -> 
52a89b84098e71b2e5000855,广汽丰田 逸致  2.0L 2011.06-,528af3a2098e71805900042b,丰田(广州) 逸致 2.0L 06/11 -> 
528af3a4098e7180590004c4,保时捷(进口) 911 3.6 Carrera (993) 10/93 -> 10/97,52a89b4c098e71b2e50003f0,保时捷(进口) 911  200款 Carrera 3.6L 2009.01-
528af3a4098e7180590004d2,保时捷(进口) 911 3.6 Carrera 4 (993) 07/94 -> 10/97,52a89b4c098e71b2e50003f2,保时捷(进口) 911  200款 Carrera 4Cabriolet 3.6L 2009.01-
528af3a4098e7180590004e2,保时捷(进口) 911 3.6 Turbo (993) 03/95 -> 10/97,52a89b4c098e71b2e50003f2,保时捷(进口) 911  200款 Carrera 4Cabriolet 3.6L 2009.01-
528af3a4098e718059000502,保时捷(进口) 911 3.8 Carrera (993) 06/95 -> 10/97,52a89b4c098e71b2e50003f4,保时捷(进口) 911  200款 Carrera 4SCabriolet 3.8L 2009.01-
528af3a4098e71805900050a,保时捷(进口) 911 3.8 Carrera 4 (993) 06/95 -> 10/97,52a89b4c098e71b2e50003f8,保时捷(进口) 911  200款 Carrera SCabriolet 3.8L 2009.01-
528af3a4098e718059000512,保时捷(进口) 911 3.8 Carrera RS (993) 08/95 -> 10/97,52a89b4c098e71b2e50003f6,保时捷(进口) 911  200款 Carrera S3.8L 2009.01-
528af3a4098e71805900051a,保时捷(进口) 911 3.8 Carrera Targa (993) 05/96 -> 10/97,52a89b4c098e71b2e50003f7,保时捷(进口) 911  200款 Carrera S3.8L PCCA 2009.01-
52945539098e7144f900036e,保时捷(进口) 911 3.6 Carrera (993) 06/95->10/97,52a89b4c098e71b2e50003f5,保时捷(进口) 911  200款 Carrera Cabriolet 3.6L 2009.01-
5294553a098e7144f9000373,保时捷(进口) 911 3.6 Carrera (993) 08/95->10/97,52a89b4c098e71b2e50003f9,保时捷(进口) 911  200款 Targa 4 3.6L 2009.01-
528af3a5098e71805900055c,保时捷(进口) 911 3.8 Carrera S (997) 07/04 -> 06/08,52a89b4c098e71b2e50003fa,保时捷(进口) 911  200款 Targa 4S3.8L 2009.01-
528af3a5098e718059000562,保时捷(进口) 911 3.8 Carrera S (997/2) 06/08 -> ,52a89b4c098e71b2e50003fb,保时捷(进口) 911  200款 Turbo 3.8T 2009.01-
528af3a5098e718059000566,保时捷(进口) 911 3.8 GTS (997/2) 11/10 -> ,52a89b4c098e71b2e50003fc,保时捷(进口) 911  200款 Turbo Cabriolet 3.8T 2009.01-
528af3a5098e71805900056a,保时捷(进口) 911 3.8 Turbo (997/2) 11/09 -> ,52a89b4c098e71b2e5000400,保时捷(进口) 911  202款 Carrera S Cabriolet 3.8L 2012-
528af3a5098e718059000579,保时捷(进口) 911 3.4 Carrera (991) 10/11 -> ,52a89b4c098e71b2e50003fd,保时捷(进口) 911  202款 Carrera 3.4L 2012-
528af3a5098e718059000581,保时捷(进口) 911 3.8 Carrera S (991) 10/11 -> ,52a89b4c098e71b2e50003ff,保时捷(进口) 911  202款 Carrera S 3.8L 2012-
528af3a6098e7180590005b5,保时捷(进口) Boxster 2.7 (981) 02/12 -> ,52a89b4d098e71b2e5000408,保时捷(进口) Boxster  2012款  2.7L 2012-
528af3a6098e7180590005c7,保时捷(进口) Boxster 3.4 S (987) 07/06 -> 02/09,52a89b4c098e71b2e5000404,保时捷(进口) Boxster  2010款 Spyd 3.4L 2010.01-
528af3a6098e7180590005cd,保时捷(进口) Boxster 3.4 S (981) 02/12 -> ,52a89b4d098e71b2e5000407,保时捷(进口) Boxster  2011款  S3.4L 2011-
528af3a6098e7180590005da,保时捷(进口) 卡宴 3.2 V6 10/03 -> ,52a89b4a098e71b2e50003e2,保时捷(进口) 卡宴 03款Cayenne 3.2 V6 2003-
528af3a6098e7180590005e4,保时捷(进口) 卡宴 3.6 V6 02/07 -> ,52a89b4b098e71b2e50003e3,保时捷(进口) 卡宴 03款Cayenne 3.6 V6 2003-
528af3a6098e7180590005ec,保时捷(进口) 卡宴 4.5 V8 09/02 -> ,52a89b4b098e71b2e50003e4,保时捷(进口) 卡宴 03款Cayenne 4.5T 2003-
528af3a6098e718059000604,保时捷(进口) 卡宴 4.8  V8 S 02/07 -> ,52a89b4b098e71b2e50003e7,保时捷(进口) 卡宴 07款Cayenne 4.8 V8 02 2007-
528af3a7098e71805900060c,保时捷(进口) 卡宴 4.8 V8 GTS; Transsyberia 10/07 -> ,52a89b4b098e71b2e50003e8,保时捷(进口) 卡宴 07款Cayenne 4.8 V8 Turbo 02 2007-
528af3a7098e71805900061f,保时捷(进口) 卡宴 3.0 S Hybrid 05/10 -> ,52a89b4b098e71b2e50003e9,保时捷(进口) 卡宴 11款Cayenne 3.0L 2010.06-
528af3a7098e71805900062f,保时捷(进口) 卡宴 4.8 GTS 06/12 -> ,52a89b4b098e71b2e50003ea,保时捷(进口) 卡宴 11款Cayenne S4.8L 2010.06-
528af3a7098e718059000637,保时捷(进口) 卡宴 4.8 S 05/10 -> ,52a89b4b098e71b2e50003ec,保时捷(进口) 卡宴 11款Cayenne Turbo 4.8L 2010.06-
528af3a7098e71805900063f,保时捷(进口) 卡宴 4.8 Turbo 05/10 -> ,52a89b4b098e71b2e50003ee,保时捷(进口) 卡宴 12款Cayenne 4.8L 2012-
528af3a7098e718059000650,保时捷(进口) Cayman 2.9 (987) 02/09 -> ,52a89b4d098e71b2e500040b,保时捷(进口) Cayman  2009款  2.9L 2009.01-
528af3a7098e718059000654,保时捷(进口) Cayman 3.4 R (987) 01/11 -> ,52a89b4d098e71b2e500040e,保时捷(进口) Cayman  2011款  R 3.4L 2011-
528af3a7098e718059000658,保时捷(进口) Cayman 3.4 S (987) 11/05 -> 02/09,52a89b4d098e71b2e500040c,保时捷(进口) Cayman  2009款  S 3.4L 2009.01-
528af3a7098e71805900065e,保时捷(进口) Cayman 3.4 S Sport (987) 08/08 -> 02/09,52a89b4d098e71b2e500040c,保时捷(进口) Cayman  2009款  S 3.4L 2009.01-
528af3a7098e71805900066f,保时捷(进口) Panamera 3.6 (970) 06/10 -> ,52a89b4d098e71b2e5000410,保时捷(进口) Panamera  2010款  3.6L 2009.04-
528af3a7098e718059000675,保时捷(进口) Panamera 4.8 GTS (970) 02/12 -> ,52a89b4d098e71b2e5000412,保时捷(进口) Panamera  2010款  4S 4.8L 2009.04-
528af3a8098e71805900067b,保时捷(进口) Panamera 4.8 S/S4 (970) 09/09 -> ,52a89b4d098e71b2e5000413,保时捷(进口) Panamera  2010款  S 4.8L 2009.04-
528af3a8098e718059000681,保时捷(进口) Panamera 4.8 Turbo (970) 09/09 -> ,52a89b4d098e71b2e5000414,保时捷(进口) Panamera  2010款  Tubo 4.8L 2009.04-
528af3a8098e718059000687,保时捷(进口) Panamera 4.8 Turbo S (970) 05/11 -> ,52a89b4d098e71b2e5000416,保时捷(进口) Panamera  2011款  Tubo S 4.8L 2011-
52a89bad098e71b2e5000b84,上海通用凯迪拉克 SLS赛威 11款 2.0T 2011-,528af3aa098e71805900077f,凯迪拉克(上海通用) 赛威 2.0T 12/10 -> 
528af3aa098e718059000788,别克(上海通用) 世纪 3.0L 07/99 -> 12/02,52a89b2b098e71b2e5000235,上海通用别克 新世纪  3.0L 1999.4-2012.12
528af3aa098e7180590007a8,别克(上海通用) 凯越 1.6L 05/08 -> ,52a89b2a098e71b2e5000231,上海通用别克 凯越 新 1.6L 2008-
528af3aa098e7180590007b4,别克(上海通用) 凯越 1.8L 05/08 -> ,52a89b2b098e71b2e5000232,上海通用别克 凯越 新 1.8L 2008-
52945541098e7144f9000537,别克(上海通用) 凯越 1.6L 08/03->05/08,52a89b28098e71b2e500022a,上海通用别克 凯越  1.6L 2003.4-
52945542098e7144f9000541,别克(上海通用) 凯越 1.8L 08/03->05/08,52a89b29098e71b2e500022d,上海通用别克 凯越  1.8L 2003.8-
528af3aa098e7180590007ce,别克(上海通用) 英朗 1.6L 06/10 -> ,52a89b34098e71b2e5000261,上海通用别克 英朗GT  1.6L 2010.06-
528af3aa098e7180590007f3,别克(上海通用) 英朗 1.6L 01/10 -> ,52a89b33098e71b2e500025d,上海通用别克 英朗XT  1.6L 2010.01-
528af3ab098e718059000807,别克(上海通用) 英朗 1.8L 01/10 -> ,52a89b33098e71b2e500025f,上海通用别克 英朗XT  1.8L 2010.01-
528af3ab098e718059000814,别克(上海通用) GL8 3.0L 05/00 -> 07/05,52a89b27098e71b2e5000221,上海通用别克 GL8  3.0 2000.8-2005
528af3ab098e71805900081f,别克(上海通用) GL8 2.5L 11/05 -> 11/10,52a89b27098e71b2e500021e,上海通用别克 GL8  2.5 2000.1-2005
528af3ab098e718059000827,别克(上海通用) GL8 3.0L 07/05 -> ,52a89b28098e71b2e5000228,上海通用别克 GL8 11款 3.0 2011-
528af3ab098e718059000830,别克(上海通用) GL8 2.4L 11/10 -> ,52a89b28098e71b2e5000227,上海通用别克 GL8 11款 2.4 2011-
528af3ab098e718059000845,别克(上海通用) 君越 2.4L 03/06 -> 07/09,52a89b30098e71b2e500024c,上海通用别克 君越  2.4L 2006.12-2009
528af3ab098e71805900084d,别克(上海通用) 君越 3.0L 03/06 -> 07/09,52a89b30098e71b2e500024d,上海通用别克 君越  3.0L 2006.6-2007
528af3ac098e71805900086a,别克(上海通用) 君越 2.4L 07/09 -> ,52a89b30098e71b2e500024e,上海通用别克 君越 09款新 2.4L 2009-
528af3ac098e718059000874,别克(上海通用) 君越 3.0L 07/09 -> ,52a89b31098e71b2e500024f,上海通用别克 君越 09款新 3.0L 2009-
528af3ac098e71805900087f,别克(上海通用) 君越 2.0T 01/11 -> ,52a89b31098e71b2e5000250,上海通用别克 君越 10款新 2.0T 2010.04-
528af3ac098e718059000893,别克(上海通用) 君越 2.4L 01/11 -> ,52a89b31098e71b2e5000251,上海通用别克 君越 10款新 2.4L 2010.03-
528af3ac098e7180590008a0,别克(上海通用) 君威 2.0L 02/03 -> 12/08,52a89b2b098e71b2e5000237,上海通用别克 君威  2.0L 2002.12-2006.5
528af3ac098e7180590008a8,别克(上海通用) 君威 2.5L 12/02 -> 12/08,52a89b2c098e71b2e500023a,上海通用别克 君威  2.5L 2002.12-2008
528af3ac098e7180590008b0,别克(上海通用) 君威 3.0L 10/02 -> 05/06,52a89b2c098e71b2e500023b,上海通用别克 君威  3.0L 2002.12-2008
528af3ac098e7180590008bb,别克(上海通用) 君威 1.6T 09/09 -> ,52a89b2d098e71b2e5000240,上海通用别克 新君威 09款 1.6T 2009.12-
528af3ac098e7180590008c5,别克(上海通用) 君威 2.0L 12/08 -> ,52a89b2c098e71b2e500023d,上海通用别克 新君威 08款 2.0L 2008.12-
528af3ac098e7180590008cf,别克(上海通用) 君威 2.0T 06/09 -> ,52a89b2e098e71b2e5000243,上海通用别克 新君威 09款 2.0T 2009.12-
528af3ac098e7180590008d9,别克(上海通用) 君威 2.4L 01/11 -> ,52a89b2e098e71b2e5000244,上海通用别克 新君威 09款 2.4L 2009-
52945545098e7144f90005e0,别克(上海通用) 君威 2.4L 12/08->01/11,52a89b2d098e71b2e500023f,上海通用别克 新君威 08款 2.4L 2008.12-
528af3ad098e7180590008e6,别克(上海通用) 赛欧 1.6L 06/01 -> 02/05,52a89b26098e71b2e5000217,上海通用别克 赛欧  1.6L 2001.11-2004.12
52a89b9d098e71b2e5000a6f,吉利汽车 豪情 SRV 1.0L 1999-2004,528af3ae098e7180590009df,吉利 豪情 1.0L 01/00 -> 04/03
52a89b9e098e71b2e5000a70,吉利汽车 豪情 SRV1.3L 2002-2005,528af3af098e7180590009e5,吉利 豪情 1.3L 01/00 -> 04/03
52a89b9f098e71b2e5000a78,吉利汽车 优利欧  1.0L JL7100 2007-,528af3af098e718059000a04,吉利 优利欧 1.0L 04/02 -> 
52a89b9f098e71b2e5000a7b,吉利汽车 美日  1.5L 2004.09-2007,528af3af098e7180590009fb,吉利 美日 1.5L 07/05 -> 
52a89ba1098e71b2e5000a98,吉利汽车 金刚  1.5L 2006-2009,528af3af098e7180590009ee,吉利 金刚 1.5L 05/06 -> 
52a89ba3098e71b2e5000aad,吉利汽车 自由舰  1.3L 2006-2010,528af3ae098e7180590009d0,吉利 自由舰 1.3L 04/05 -> 
52a89ba3098e71b2e5000aae,吉利汽车 自由舰  1.6L 2006-2010,528af3ae098e7180590009d6,吉利 自由舰 1.6L 04/05 -> 
52a89ba3098e71b2e5000ab0,吉利汽车 自由舰 新 1.3L 2010-,528af3ae098e7180590009c5,吉利 美人豹 1.3L 12/03 -> 
528af3b0098e718059000ab5,名爵(上汽) 名爵 1.3L 03/11 -> ,52a89bb0098e71b2e5000be5,上海汽车名爵 名爵3 MG3 11款1.3L 2011-
528af3b0098e718059000ab9,名爵(上汽) 名爵 1.5L 03/11 -> ,52a89bb0098e71b2e5000be7,上海汽车名爵 名爵3 MG3 11款1.5L 2011-
52a89bb4098e71b2e5000c36,天津一汽夏利 雅酷 Echo  1.3L 2002-,528af3b1098e718059000b45,夏利 雅酷 1.3L 10/00 -> 09/03
528af3c4098e7180590012a0,大宇雪佛兰(进口) 蓝龙 1.6 16V 05/97 -> ,52a89b78098e71b2e50007c5,大宇（进口） 蓝龙  1.6L 1997-2005
528af408098e718059003097,奔驰(汇众) 伊斯坦纳 2.3L 01/06 -> ,52a89bb0098e71b2e5000bee,上海汇众 伊思坦纳 06款 2.3L汽 2006-2009
528af409098e7180590030a0,奔驰(福建) 唯雅诺 2.5L 01/10 -> ,52a89b46098e71b2e5000381,福建奔驰 维亚诺 Viano 唯2.5L 2010-
528af409098e7180590030b1,奔驰(福建) 威霆 2.5L 01/10 -> ,52a89b47098e71b2e5000385,福建奔驰 威霆 Vito 2.5L 2010-
529455d5098e7144f9001eec,奔驰(福建) 威霆 2.2 Turbo Diesel 01/10->,52a89b47098e71b2e5000384,福建奔驰 威霆 Vito 2.2L柴油 2010-
528af3f7098e7180590028e4,奔驰(进口)(进口) A级系列 A 160 CDI (W169) 11/04 -> ,52a89b47098e71b2e500038b,梅赛德斯-奔驰（进口） A级系列 160 1.5L 11款 2011-
528af3f7098e7180590028f6,奔驰(进口)(进口) A级系列 A 180 (W169) 04/09 -> ,52a89b47098e71b2e500038c,梅赛德斯-奔驰（进口） A级系列 180 1.7L 11款 2011-
528af3f8098e71805900294f,奔驰(进口)(进口) B级系列 B 200 (W245) 04/08 -> 08/12,52a89b47098e71b2e500038e,梅赛德斯-奔驰（进口） B级 B-Klasse 200 2.0L 09款 2009-
528af400098e718059002cef,奔驰(进口)(进口) GLK级系列 GLK 300 (204.981) 06/09 -> ,52a89b47098e71b2e5000390,梅赛德斯-奔驰（进口） GLK系列 300 2008-
528af400098e718059002cf7,奔驰(进口)(进口) GLK级系列 GLK 350 (204.956/987) 10/08 -> ,52a89b47098e71b2e5000391,梅赛德斯-奔驰（进口） GLK系列 350 2008-
528af401098e718059002d73,奔驰(进口)(进口) R级系列 R 300 (W251.054/154) 05/09 -> ,52a89b47098e71b2e500039b,梅赛德斯-奔驰（进口） R级系列 300 L 3.0L 11款 2010-
528af401098e718059002d7b,奔驰(进口)(进口) R级系列 R 350 (W251.056/065/156/165) 01/06 -> ,52a89b47098e71b2e5000397,梅赛德斯-奔驰（进口） R级系列 350 (W251) 3.5L 2006-
528af402098e718059002dda,奔驰(进口)(进口) S级系列 S 280 (W140) 06/93 -> 09/98,52a89b47098e71b2e500039f,梅赛德斯-奔驰（进口） S级系列 280 (W140) 2.8L 1993-1998
528af402098e718059002de4,奔驰(进口)(进口) S级系列 S 300 TD (W140) 05/96 -> 09/98,52a89b48098e71b2e50003a2,梅赛德斯-奔驰（进口） S级系列 300 (W140) 3.2L 1991-1998
528af402098e718059002df0,奔驰(进口)(进口) S级系列 S 320 (W140) 06/93 -> 09/98,52a89b48098e71b2e50003a3,梅赛德斯-奔驰（进口） S级系列 320 (W140) 3.2L 1993-1998
528af403098e718059002e4d,奔驰(进口)(进口) S级系列 S 280 (W220) 10/98 -> 08/05,52a89b48098e71b2e50003a0,梅赛德斯-奔驰（进口） S级系列 280 (W220) 2.8L 1999-2005
528af403098e718059002e57,奔驰(进口)(进口) S级系列 S 320 (W220) 10/98 -> 08/05,52a89b48098e71b2e50003a4,梅赛德斯-奔驰（进口） S级系列 320 (W220) 3.2L 1999-2002
528af403098e718059002e6b,奔驰(进口)(进口) S级系列 S 350 (W220) 09/02 -> 08/05,52a89b48098e71b2e50003a6,梅赛德斯-奔驰（进口） S级系列 350 (W220) 3.5L 2002.09-2005.08
528af404098e718059002e7f,奔驰(进口)(进口) S级系列 S 500 (W220.084/184) 10/98 -> 08/05,52a89b48098e71b2e50003ab,梅赛德斯-奔驰（进口） S级系列 500 (W220) 5.0L 1998.10-2005.08
529455cf098e7144f9001db4,奔驰(进口)(进口) S级系列 S 600 (W220) 01/00->08/05,52a89b49098e71b2e50003b2,梅赛德斯-奔驰（进口） S级系列 600 (W220) 5.8L 2002.9-2005.8
528af404098e718059002eb2,奔驰(进口)(进口) S级系列 S 320 CDI (W221) 12/05 -> ,52a89b48098e71b2e50003a5,梅赛德斯-奔驰（进口） S级系列 320 (W221) 3.2L 2005-
528af404098e718059002ebc,奔驰(进口)(进口) S级系列 S 350 (W221) 10/05 -> 11/10,52a89b48098e71b2e50003a9,梅赛德斯-奔驰（进口） S级系列 350 (W221) 3.5L 2005.10-
528af404098e718059002ed2,奔驰(进口)(进口) S级系列 S 500 BlueEFFICIENCY (W221) 11/10 -> ,52a89b48098e71b2e50003ac,梅赛德斯-奔驰（进口） S级系列 500 (W221) 5.0L 2005.10-
528af405098e718059002f13,奔驰(进口)(进口) SL SL 55 AMG (R129.068) 03/00 -> 08/01,52a89b49098e71b2e50003b6,梅赛德斯-奔驰（进口） SL级系列 500 (R230) 5.0 2001.10-
528af3c7098e7180590013ee,奥迪(进口) A1 1.4 TFSI (8X) 08/10 -> ,52a89b20098e71b2e50001b7,奥迪（进口） 奥迪A1 款 .4TFSI 2010-
528af3c7098e718059001405,奥迪(进口) A3 1.8 20V Turbo 12/96 -> 05/03,52a89b20098e71b2e50001bc,奥迪（进口） 奥迪A3 12款 Sportback 1.8T 2011.08-
528af3c7098e71805900140f,奥迪(进口) A3 1.8 T Quattro 12/96 -> 05/03,52a89b20098e71b2e50001ba,奥迪（进口） 奥迪A3 10款 Sportback 1.8T 2010-
528af3c7098e718059001430,奥迪(进口) A3 1.4 TFSI 09/07 -> ,52a89b20098e71b2e50001b9,奥迪（进口） 奥迪A3 10款 Sportback 1.4T 2010-
528af3ca098e718059001522,奥迪(进口) A5 1.8 TFSI (8T) 10/07 -> ,52a89b20098e71b2e50001be,奥迪（进口） 奥迪A5 08款 1.8TFSI 2007.10-
528af3ca098e71805900152a,奥迪(进口) A5 2.0 TDI (8T) 08/08 -> ,52a89b21098e71b2e50001bf,奥迪（进口） 奥迪A5 08款 2.0TDI 2008-
528af3ca098e718059001532,奥迪(进口) A5 2.0 TFSI (8T) 06/08 -> ,52a89b21098e71b2e50001c0,奥迪（进口） 奥迪A5 08款 2.0TSI 2008-
528af3ca098e718059001548,奥迪(进口) A5 3.0 TDI (8T) 06/07 -> ,52a89b21098e71b2e50001c8,奥迪（进口） 奥迪A5 10款 3.0T S Cabriolet 2010.05-
528af3ca098e718059001552,奥迪(进口) A5 3.2 FSI (8T) 06/07 -> ,52a89b21098e71b2e50001c1,奥迪（进口） 奥迪A5 08款 3.2L Coupe quattro 2008-
528af3cd098e718059001681,奥迪(进口) A6 2.5 TDI V6 (C5) 07/97 -> 01/05,52a89b22098e71b2e50001d0,奥迪（进口） 奥迪A6 TDI (C5)2.5柴 2004-
528af3cd098e7180590016cc,奥迪(进口) A7 2.8 FSI (4GA) 10/10 -> ,52a89b22098e71b2e50001d3,奥迪（进口） 奥迪A7  Sportback 2.8FSI 2011-
528af3cd098e7180590016d4,奥迪(进口) A7 3.0 TFSI (4GA) 10/10 -> ,52a89b22098e71b2e50001d4,奥迪（进口） 奥迪A7  Sportback 3.0TFSI  2011-
528af3ce098e7180590016df,奥迪(进口) A8 2.8  FSI 08/07 -> ,52a89b22098e71b2e50001db,奥迪（进口） 奥迪A8L 09款(D4) 2.8 FSI 2009-
528af3ce098e7180590016e9,奥迪(进口) A8 3.0 TDI 08/03 -> ,52a89b22098e71b2e50001dc,奥迪（进口） 奥迪A8L 09款(D4) 3.0 FSI 2009-
528af3ce098e7180590016fd,奥迪(进口) A8 3.2  FSI 06/05 -> ,52a89b22098e71b2e50001dd,奥迪（进口） 奥迪A8L 09款(D4) 3.2 FSI 2009-
528af3ce098e718059001707,奥迪(进口) A8 3.7 10/02 -> ,52a89b22098e71b2e50001d7,奥迪（进口） 奥迪A8 (D3) 3.7L 2002.11-2006.05
528af3ce098e71805900171b,奥迪(进口) A8 4.2 10/02 -> ,52a89b23098e71b2e50001e2,奥迪（进口） 奥迪A8L 10款(D4) 4.2 2010-
528af3ce098e71805900172f,奥迪(进口) A8 4.2 TDI 07/05 -> ,52a89b23098e71b2e50001e3,奥迪（进口） 奥迪A8L 10款(D4) 4.2 FSI quattro 2010-
528af3ce098e718059001743,奥迪(进口) A8 6.0 W12 12/03 -> ,52a89b23098e71b2e50001e4,奥迪（进口） 奥迪A8L 10款(D4) 6.0 W12 quattro 2010-
5294557a098e7144f9000eef,奥迪(进口) A8 3.0 TDI 08/03->,52a89b23098e71b2e50001e5,奥迪（进口） 奥迪A8L 11款(D4) 3.0 TFSI quattro 2011.02-
5294557b098e7144f9000f18,奥迪(进口) A8 4.2 TDI 07/05->,52a89b22098e71b2e50001de,奥迪（进口） 奥迪A8L 09款(D4) 4.2 FSI quattro 2009-
528af3cf098e718059001768,奥迪(进口) A8 6.0 W12 05/01 -> 09/02,52a89b23098e71b2e50001df,奥迪（进口） 奥迪A8L 09款(D4) 6.0 W12 quattro 2009-
528af3cf098e718059001771,奥迪(进口) A8 3.0 45 TFSI (4H) 02/11 -> ,52a89b23098e71b2e50001e1,奥迪（进口） 奥迪A8L 10款(D4) 3.0 FSI 2010-
528af3cf098e718059001787,奥迪(进口) A8 6.3 FSI (4H) 09/10 -> ,52a89b23098e71b2e50001e6,奥迪（进口） 奥迪A8L 11款(D4) 6.3 FSI W12 quattro  2011.08-
528af3cf098e7180590017af,奥迪(进口) Q3 2.0 TFSI (8U) 07/12 -> ,52a89b24098e71b2e5000203,奥迪（进口） 奥迪Q5  2.0TFSI 2009.8-
528af3d0098e7180590017d2,奥迪(进口) Q5 3.2 FSI quattro (8R) 11/08 -> 04/13,52a89b25098e71b2e5000206,奥迪（进口） 奥迪Q5  3.2 FSI quattro 越野版 2009.1-
528af3d0098e7180590017ef,奥迪(进口) Q7 3.6 FSI quattro (4L) 09/06 -> ,52a89b25098e71b2e5000208,奥迪（进口） 奥迪Q7 06款 3.6 FSI V6 quattro 2006.03-
528af3d0098e7180590017f7,奥迪(进口) Q7 4.2 FSI V8 quattro (4L) 03/06 -> 12/10,52a89b25098e71b2e5000209,奥迪（进口） 奥迪Q7 06款 4.2 FSI V8 quattro 2006.03-
528af3d0098e718059001802,奥迪(进口) R8 4.2  FSI quattro (420) 03/07 -> ,52a89b23098e71b2e50001ea,奥迪（进口） 奥迪R8 0款 4.2FSI quattro 2008-
528af3d0098e71805900180a,奥迪(进口) R8 5.2 FSI  quattro (420) 04/09 -> ,52a89b23098e71b2e50001eb,奥迪（进口） 奥迪R8 10款 5.2FSI V10 quattro 2010.06-
528af3d0098e718059001812,奥迪(进口) R8 5.2 FSI  quattro GT (420) 11/10 -> ,52a89b23098e71b2e50001ec,奥迪（进口） 奥迪R8 11款 Spyder 5.2FSI quattro 2011.07-
528af3d0098e71805900181d,奥迪(进口) TT 1.8 20V Sport Turbo (8N3) 03/05 -> ,52a89b23098e71b2e50001ee,奥迪（进口） 奥迪TT 03款 coupe 1.8 quattro  2003-
528af3d0098e71805900183b,奥迪(进口) TT 3.2 VR6 (8N3;8N9) 07/03 -> ,52a89b23098e71b2e50001f0,奥迪（进口） 奥迪TT 05款 3.2 Roadster  2007-
528af3d1098e718059001852,奥迪(进口) TT 2.0 TDI (8J3;8J9) 06/08 -> ,52a89b24098e71b2e50001f1,奥迪（进口） 奥迪TT 07款 Coupe 2.0FSI Stronic  2007-
528af3d1098e71805900185c,奥迪(进口) TT 2.0 TFSI (8J3;8J9) 10/06 -> ,52a89b24098e71b2e50001f7,奥迪（进口） 奥迪TT 11款 Coupe 2.0FSI quattro 2010.11-
528af3d1098e718059001866,奥迪(进口) TT 2.0 TFSI 05/10 -> ,52a89b24098e71b2e50001f6,奥迪（进口） 奥迪TT 10款 Coupe 2.0FSI 2010-
528af3d1098e718059001870,奥迪(进口) TT 3.2 V6 (8J3;8J9) 10/06 -> ,52a89b24098e71b2e50001f2,奥迪（进口） 奥迪TT 07款 3.2 quattro Stronic  2007-
5294557f098e7144f9000fd5,奥迪(进口) TT 2.0 TFSI (8J3;8J9) 06/08->,52a89b24098e71b2e50001f4,奥迪（进口） 奥迪TT 08款 Coupe 2.0FSI 2008-
5294557f098e7144f9000fdf,奥迪(进口) TT 2.0 TFSI 05/08->,52a89b24098e71b2e50001f5,奥迪（进口） 奥迪TT 08款 Roadster 2.0FSI 2008-
52a89b0f098e71b2e5000146,一汽奥迪 奥迪200 (C3) 1.8T 1995.05-1999.09,528af3d1098e71805900189c,奥迪(一汽奥迪) 200 1.8T (447) 05/98 -> 09/99
52a89b0f098e71b2e500014d,一汽奥迪 奥迪A4 (B6) 1.8L 2002.11-2004.12,528af3d2098e7180590018bf,奥迪(一汽奥迪) A4 1.8T (B7) 07/05 -> 09/08
52a89b0f098e71b2e500014f,一汽奥迪 奥迪A4 (B6) 1.8T 2003.03-2005.08,528af3d2098e7180590018b5,奥迪(一汽奥迪) A4 1.8T (B6) 02/03 -> 07/05
52a89b10098e71b2e5000153,一汽奥迪 奥迪A4 (B6) 2.4L 2004.03-2007.02,528af3d2098e7180590018d3,奥迪(一汽奥迪) A4 2.4L (B6) 01/04 -> 07/05
52a89b10098e71b2e5000158,一汽奥迪 奥迪A4 (B6) 3.0L quattro.Tip 2003.03-2005.07,528af3d2098e7180590018dd,奥迪(一汽奥迪) A4 3.0L (B6) 02/03 -> 07/05
52a89b12098e71b2e5000162,一汽奥迪 奥迪A4L(B8) 09款 2.0T FSI 2008.05-,528af3d2098e7180590018fc,奥迪(一汽奥迪) A4L 2.0 TFSI (B8) 12/07 -> 09/08
52a89b12098e71b2e5000164,一汽奥迪 奥迪A4L(B8) 09款 3.2 FSI 2008.01-,528af3d2098e718059001904,奥迪(一汽奥迪) A4L 3.2 FSI quattro (B8) 01/09 -> 
52a89b12098e71b2e5000166,一汽奥迪 奥迪A4L(B8) 10款 1.8TFSI 2009.05-,528af3d2098e71805900190f,奥迪(一汽奥迪) A4L 1.8 30 TFSI 08/12 -> 
52a89b12098e71b2e5000168,一汽奥迪 奥迪A4L(B8) 10款 2.0TFSI 2010-,528af3d2098e718059001917,奥迪(一汽奥迪) A4L 2.0 35 TFSI 08/12 -> 
52a89b12098e71b2e500016c,一汽奥迪 奥迪A4L(B8) 11款 1.8TFSI 2011-,528af3d2098e7180590018f4,奥迪(一汽奥迪) A4L 1.8 TFSI (B8) 08/09 -> 
52a89b13098e71b2e5000170,一汽奥迪 奥迪A4L(B8) 11款 3.2 FSI quattro 2011-,528af3d3098e718059001927,奥迪(一汽奥迪) A4L 3.0 50 TFSI 08/12 -> 
52a89b13098e71b2e5000172,一汽奥迪 奥迪A4L(B8) 12款 1.8TFSI 2012-,52945581098e7144f9001038,奥迪(一汽奥迪) A4L 1.8 30 TFSI 08/12->
52a89b13098e71b2e5000174,一汽奥迪 奥迪A4L(B8) 12款 2.0TFSI 2012-,528af3d3098e71805900191f,奥迪(一汽奥迪) A4L 2.0 40 TFSI 08/12 -> 
52a89b13098e71b2e500017e,一汽奥迪 奥迪A6(C5)  1.8L 2001-,528af3d3098e718059001932,奥迪(一汽奥迪) A6 1.8T 01/00 -> 12/05
52a89b15098e71b2e5000189,一汽奥迪 奥迪A6L(C6) 05款 2.4 2005-,528af3d3098e71805900195d,奥迪(一汽奥迪) A6L 2.4L 03/05 -> 12/11
52a89b16098e71b2e500018e,一汽奥迪 奥迪A6L(C6) 05款 4.2 quattro 2005-,528af3d4098e718059001997,奥迪(一汽奥迪) A6L 4.2 FSI 11/06 -> 10/08
52a89b16098e71b2e500018f,一汽奥迪 奥迪A6L(C6) 06款 2.0 TFSI 2006-,528af3d3098e718059001953,奥迪(一汽奥迪) A6L 2.0 TFSI 09/05 -> 12/11
52a89b17098e71b2e5000191,一汽奥迪 奥迪A6L(C6) 06款 3.0 2006-,528af3d3098e718059001983,奥迪(一汽奥迪) A6L 3.0L 03/05 -> 12/06
52a89b17098e71b2e5000193,一汽奥迪 奥迪A6L(C6) 06款 4.2 quattro 2006-,52945583098e7144f9001094,奥迪(一汽奥迪) A6L 4.2 FSI 09/05->
52a89b18098e71b2e5000194,一汽奥迪 奥迪A6L(C6) 07款 3.2 2007-,528af3d3098e71805900198d,奥迪(一汽奥迪) A6L 3.2 FSI 11/06 -> 10/08
52a89b19098e71b2e5000196,一汽奥迪 奥迪A6L(C6) 08款 2.8 2008-,528af3d3098e71805900196f,奥迪(一汽奥迪) A6L 2.8 FSI 11/07 -> 12/11
52a89b1a098e71b2e5000199,一汽奥迪 奥迪A6L(C6) 09款 2.8 FSI 2009-,52945583098e7144f900107b,奥迪(一汽奥迪) A6L 2.8 FSI 09/08->12/11
52a89b1f098e71b2e50001aa,一汽奥迪 奥迪A6L(C7) 12款 2.5FSI（30FSI） 2012-03-,528af3d4098e7180590019ae,奥迪(一汽奥迪) A6L 2.5 30 FSI 03/12 -> 
52a89b1f098e71b2e50001ab,一汽奥迪 奥迪A6L(C7) 12款 2.8FSI（ 35FSI） 2012-03-,528af3d4098e7180590019b6,奥迪(一汽奥迪) A6L 2.8 35 FSI 03/12 -> 
52a89b1f098e71b2e50001ac,一汽奥迪 奥迪A6L(C7) 12款 3.0TFSI（50FSI） 2012-03-,528af3d3098e718059001979,奥迪(一汽奥迪) A6L 3.0 TFSI quattro 01/09 -> 
52a89b1f098e71b2e50001ad,一汽奥迪 奥迪A6L(C7) 13款 2.0TFSI（TFSI） 2012.10-,52945583098e7144f9001099,奥迪(一汽奥迪) A6L 2.0 TFSI 03/12->
52a89b1f098e71b2e50001ae,一汽奥迪 奥迪A6L(C7) 13款 2.5FSI（30FSI） 2012.10-,52945583098e7144f90010a0,奥迪(一汽奥迪) A6L 2.5 30 FSI 03/12->
52a89b20098e71b2e50001af,一汽奥迪 奥迪A6L(C7) 13款 2.8FSI（ 35FSI） 2012.10-,52945584098e7144f90010a5,奥迪(一汽奥迪) A6L 2.8 35 FSI 03/12->
52a89b20098e71b2e50001b0,一汽奥迪 奥迪A6L(C7) 13款 3.0TFSI（50FSI） 2012.10-,52945584098e7144f90010aa,奥迪(一汽奥迪) A6L 3.0 50 TFSI 03/12->
52a89b20098e71b2e50001b2,一汽奥迪 奥迪Q3  2.0 TFSI 2012-,528af3d4098e7180590019cd,奥迪(一汽奥迪) Q5 2.0 TFSI 03/10 -> 
52a89b20098e71b2e50001b4,一汽奥迪 奥迪Q5  2.0TFSI 2010-,52945584098e7144f90010b2,奥迪(一汽奥迪) Q5 2.0 TFSI 03/10->04/13
528af3e1098e718059001f78,宝马(华晨宝马) 3 318i (E46) 06/04 -> 06/05,52a89b3d098e71b2e50002af,华晨宝马 3系 宝马318i(E46) 2.0L 2004-
528af3e1098e718059001f82,宝马(华晨宝马) 3 325i (E46) 06/05 -> ,52a89b3d098e71b2e50002b1,华晨宝马 3系 宝马318i(E46) 2.0L 2009-
528af3e1098e718059001fdb,宝马(华晨宝马) 5 520i (E60) 05/04 -> 12/06,52a89b3e098e71b2e50002c9,华晨宝马 5系 宝马520i(E60) 2.0L 2009.6-
528af3e1098e718059001fe3,宝马(华晨宝马) 5 523Li (E60) 11/06 -> 08/10,52a89b3e098e71b2e50002cc,华晨宝马 5系 宝马523Li(E60) 2.L 2009.7-
528af3e2098e718059001feb,宝马(华晨宝马) 5 525Li (E60) 01/07 -> 04/10,52a89b3f098e71b2e50002cf,华晨宝马 5系 宝马525Li(E60) 2.L 2004.4-2006.2
528af3e2098e718059001ff3,宝马(华晨宝马) 5 525i (E60) 04/04 -> 02/06,52a89b3e098e71b2e50002ce,华晨宝马 5系 宝马525i(E60) 2.L 2003.7-
5294559a098e7144f9001498,宝马(华晨宝马) 5 523Li (E60) 01/08->08/10,52a89b3f098e71b2e50002d1,华晨宝马 5系 宝马530Li(E60) 3.0L 2008.1-
528af3e2098e718059002016,宝马(华晨宝马) 5 520Li 08/12 -> ,52a89b3f098e71b2e50002d2,华晨宝马 5系 宝马520Li(E60) 2.L 2010.12-
528af3e2098e71805900201e,宝马(华晨宝马) 5 523Li (F18) 08/10 -> 08/12,52a89b3f098e71b2e50002d3,华晨宝马 5系 宝马523Li(E60) 2.L 2010.08-
528af3e2098e718059002026,宝马(华晨宝马) 5 528Li (F18) 08/10 -> 11/11,52a89b40098e71b2e50002d5,华晨宝马 5系 宝马528Li(E60) 3.0L 2010.08-
528af3e2098e71805900202e,宝马(华晨宝马) 5 530Li 11/11 -> ,52a89b40098e71b2e50002d6,华晨宝马 5系 宝马530Li(E60) 3.0L 2010.12-
5294559b098e7144f90014bb,宝马(华晨宝马) 5 520Li 08/12->,52a89b40098e71b2e50002d8,华晨宝马 5系 宝马520Li(E60) 12款 2.L 2011-
5294559c098e7144f90014ca,宝马(华晨宝马) 5 530Li 11/11->,52a89b40098e71b2e50002da,华晨宝马 5系 宝马530Li(E60) 12款 3.0L 2011-
528af3e2098e718059002041,宝马(华晨宝马) X1 sDrive18i 03/12 -> ,52a89b40098e71b2e50002dd,华晨宝马 宝马X1  12款 sDrive8i 1.8L 2012-
528af3e2098e718059002049,宝马(华晨宝马) X1 sDrive20i 03/12 -> ,52a89b40098e71b2e50002de,华晨宝马 宝马X1  12款 sDrive20i 2.0L 2012-
528af3e2098e718059002051,宝马(华晨宝马) X1 xDrive28i 03/12 -> ,52a89b40098e71b2e50002df,华晨宝马 宝马X1  12款 sDrive28i 2.8L 2012-
52a89b4d098e71b2e500041a,宾利（进口） 雅致 02款Arnage R 6.8L 2002-,528af3e3098e718059002077,宾利(进口) 雅致 6.8 V8 Turbo Black Label (Seri 02/02 -> 
528af3e9098e718059002300,斯柯达(上海大众) 晶锐 1.4L 12/08 -> ,52a89b0a098e71b2e500012e,上海大众斯柯达 晶锐 08款 1.4L 2008.12-
528af3e9098e71805900230a,斯柯达(上海大众) 晶锐 1.6L 12/08 -> ,52a89b0b098e71b2e500012f,上海大众斯柯达 晶锐 08款 1.6L 2008.12-
528af3e9098e718059002317,斯柯达(上海大众) 明锐 1.4 TSI 04/10 -> ,52a89b09098e71b2e500012a,上海大众斯柯达 明锐 10款11款 1.4TSI 2010-
528af3e9098e718059002321,斯柯达(上海大众) 明锐 1.6L 06/07 -> ,52a89b07098e71b2e5000125,上海大众斯柯达 明锐  1.6L 2007.01-2009.04
528af3e9098e71805900232b,斯柯达(上海大众) 明锐 1.8 TSI 06/07 -> ,52a89b08098e71b2e5000126,上海大众斯柯达 明锐  1.8TSI 2007-
528af3e9098e718059002335,斯柯达(上海大众) 明锐 2.0MPI 01/07 -> ,52a89b08098e71b2e5000127,上海大众斯柯达 明锐  2.0L MPI 2007-
528af3ea098e71805900235a,斯柯达(上海大众) 昊锐 1.4 TSI 04/10 -> ,52a89b0d098e71b2e5000137,上海大众斯柯达 昊锐  1.4TSI 2011-
528af3ea098e718059002364,斯柯达(上海大众) 昊锐 1.8 TSI 08/09 -> ,52a89b0d098e71b2e5000135,上海大众斯柯达 昊锐  1.8TSI 2009-
528af3ea098e71805900236e,斯柯达(上海大众) 昊锐 2.0 TSI 08/09 -> ,52a89b0d098e71b2e5000136,上海大众斯柯达 昊锐  2.0TSI 2009-
528af3eb098e718059002416,日产(东风) 楼兰 3.5L 09/11 -> ,52a89baf098e71b2e5000bc7,东风日产 楼兰
528af3eb098e718059002421,日产(东风) 逍客 1.6L 02/08 -> 11/10,52a89baf098e71b2e5000bc4,东风日产 逍客  1.6L 2011.01-
528af3eb098e718059002429,日产(东风) 逍客 2.0L 02/08 -> 10/10,52a89baf098e71b2e5000bc2,东风日产 逍客  2.0L 2009.1-
528af3ec098e718059002481,日产(东风) 骐达 1.6T 05/11 -> ,52a89baf098e71b2e5000bc0,东风日产 骐达 新 1.6T 2011-
528af3ef098e7180590025b5,本田(进口) CR-Z 1.5 Hybrid 05/10 -> ,52a89b58098e71b2e50004c6,本田（进口） CR-Z 12款 1.5L混合动力 2012-
528af3f0098e7180590025fa,本田(东风) 思铭 1.8L 04/12 -> ,52a89b52098e71b2e500047f,东风本田 思域 11款(第九代) 1.8L 2011.11-
528af3f0098e718059002603,本田(东风) 思域 1.8L 04/06 -> 10/11,52a89b52098e71b2e500047e,东风本田 思域 09款 1.8L 2009-
528af3f0098e718059002609,本田(东风) 思域 2.0L 10/11 -> ,52a89b52098e71b2e5000480,东风本田 思域 11款(第九代) 2.0L 2011.11-
528af3f0098e718059002612,本田(东风) CR-V 2.0L 06/04 -> 02/07,52a89b50098e71b2e500046e,东风本田 CR-V 04款- 2.0L 2004-2007
528af3f0098e71805900261a,本田(东风) CR-V 2.4L 03/10 -> 02/12,52a89b50098e71b2e5000474,东风本田 CR-V 07款- 2.4L 2007-2010
529455ab098e7144f9001816,本田(东风) CR-V 2.0L 03/07->03/10,52a89b50098e71b2e5000473,东风本田 CR-V 07款- 2.0L 2007-2010
529455ab098e7144f9001819,本田(东风) CR-V 2.0L 03/10->02/12,52a89b51098e71b2e5000475,东风本田 CR-V 10款- 2.0L两驱 2010.03-
529455ab098e7144f900181f,本田(东风) CR-V 2.4L 06/04->02/07,52a89b50098e71b2e5000472,东风本田 CR-V 05款- 2.4L 2005-2007
528af3f0098e718059002623,本田(东风) 思铂睿 2.4L 07/09 -> 11/12,52a89b53098e71b2e5000482,东风本田 思铂睿  2.4L 2009.9-
528af3f5098e718059002825,标致(东风) 206 1.4L 07/06 -> 02/09,52a89b58098e71b2e50004c9,东风标致 206  1.4L 2006-2008
528af3f5098e71805900283c,标致(东风) 207 1.4L 03/09 -> ,52a89b59098e71b2e50004ce,东风标致 207  1.4L 2008.11-
528af3f5098e718059002853,标致(东风) 307 1.6L 08/04 -> 01/08,52a89b59098e71b2e50004cf,东风标致 207  1.6L 2008.11-
528af3f6098e71805900286a,标致(东风) 308 1.6L 10/11 -> ,52a89b5b098e71b2e50004d8,东风标致 308  1.6L 2011-
528af3f6098e718059002874,标致(东风) 308 2.0L 10/11 -> ,52a89b5b098e71b2e50004d9,东风标致 308  2.L 2011-
528af3f6098e718059002881,标致(东风) 408 1.6L 01/10 -> ,52a89b5b098e71b2e50004db,东风标致 408  1.6L 2010-
528af3f6098e71805900288b,标致(东风) 408 2.0L 01/10 -> ,52a89b5c098e71b2e50004dc,东风标致 408  2.L 2010-
528af3f6098e718059002898,标致(东风) 508 2.0L 07/11 -> ,52a89b5c098e71b2e50004de,东风标致 508  2.L 2011.07-
528af3f6098e7180590028a0,标致(东风) 508 2.3L 07/11 -> ,52a89b5c098e71b2e50004df,东风标致 508  2.3L 2011.07-
528af411098e718059003420,比亚迪 F0 1.0L 09/08 -> ,52a89b5d098e71b2e5000507,比亚迪汽车 F0  1.L 2008- 
528af411098e71805900342f,比亚迪 F3 1.5L 11/09 -> ,52a89b5e098e71b2e500050c,比亚迪汽车 F3  1.5L F
528af411098e718059003439,比亚迪 F3 1.6L 09/05 -> ,52a89b5e098e71b2e500050c,比亚迪汽车 F3  1.5L F
528af411098e71805900344c,比亚迪 F3DM 1.0L 03/10 -> ,52a89b5e098e71b2e5000511,比亚迪汽车 F3 DM 1.0L 双模电动 2008-
528af412098e71805900346b,比亚迪 福莱尔 0.9L 04/01 -> 08/05,52a89b60098e71b2e500052c,比亚迪汽车 福莱尔  0.87L 2001-2005
528af411098e718059003420,比亚迪 F0 1.0L 09/08 -> ,52a89b5d098e71b2e5000507,比亚迪汽车 F0  1.L 2008- 
528af411098e71805900342f,比亚迪 F3 1.5L 11/09 -> ,52a89b5e098e71b2e500050c,比亚迪汽车 F3  1.5L F
528af411098e718059003439,比亚迪 F3 1.6L 09/05 -> ,52a89b5e098e71b2e500050c,比亚迪汽车 F3  1.5L F
528af411098e71805900344c,比亚迪 F3DM 1.0L 03/10 -> ,52a89b5e098e71b2e5000511,比亚迪汽车 F3 DM 1.0L 双模电动 2008-
528af411098e718059003453,比亚迪 F3R 1.5L 09/07 -> ,52a89b5e098e71b2e5000510,比亚迪汽车 F3 R 1.5L 2007- 
528af412098e71805900345b,比亚迪 F3R 1.6L 09/07 -> ,52a89b5e098e71b2e500050f,比亚迪汽车 F3 R 1.6L 2007- 
528af412098e71805900346b,比亚迪 福莱尔 0.9L 04/01 -> 08/05,52a89b60098e71b2e500052c,比亚迪汽车 福莱尔  0.87L 2001-2005
528af416098e718059003649,沃尔沃(进口)(进口) S40 2.4 01/04 -> ,528af412098e7180590034d4,沃尔沃(长安福特) S40 2.4L 06/06 -> 
528af416098e718059003661,沃尔沃(进口)(进口) S40 2.5 T5 01/04 -> ,528af413098e7180590034e2,沃尔沃(长安福特) S40 2.5L 06/06 -> 
528af419098e718059003783,沃尔沃(进口)(进口) S80 2.5 T 03/06 -> ,528af413098e7180590034f9,沃尔沃(长安福特) S80L 2.5L 03/09 -> 
528af41a098e71805900378b,沃尔沃(进口)(进口) S80 3.0 T6 01/07 -> ,528af413098e718059003503,沃尔沃(长安福特) S80L 3.0L 03/09 -> 
529455f8098e7144f90024c6,现代(北京) 朗动 1.6L 08/12->,52a89bb2098e71b2e5000c03,北京现代 朗动  1.6L 2012-
529455f8098e7144f90024c9,现代(北京) 朗动 1.8L 08/12->,52a89bb2098e71b2e5000c04,北京现代 朗动  1.8L 2012-
528af41f098e718059003a00,现代(北京) 索纳塔 2.0L 12/02 -> ,52a89bb1098e71b2e5000bfc,北京现代 索纳塔  2.0L 2002-2005
528af41f098e718059003a12,现代(北京) 索纳塔 2.7L 12/02 -> ,52a89bb2098e71b2e5000bff,北京现代 索纳塔  2.7L 2002-2005
528af41f098e718059003a28,现代(北京) 索纳塔 2.0L 04/11 -> ,52a89bb2098e71b2e5000c00,北京现代 索纳塔 第八代 2.0L 2011-
528af41f098e718059003a2c,现代(北京) 索纳塔 2.4L 04/11 -> ,52a89bb2098e71b2e5000c01,北京现代 索纳塔 第八代 2.4L 2011-
528af41f098e718059003a46,现代(北京) 瑞纳 1.4L 08/10 -> ,52a89bb2098e71b2e5000c06,北京现代 瑞纳  1.4L 2010.08-
528af420098e718059003a4a,现代(北京) 瑞纳 1.6L 08/10 -> ,52a89bb2098e71b2e5000c07,北京现代 瑞纳  1.6L 2010.08-
528af423098e718059003c04,福特(长安) 嘉年华 1.3L 02/09 -> ,52a89b8a098e71b2e50008eb,长安福特 嘉年华 新 1.3L 2010-
528af423098e718059003c0a,福特(长安) 嘉年华 1.5L 02/09 -> ,52a89b8a098e71b2e50008ec,长安福特 嘉年华 新 1.5L 2009-2010
528af423098e718059003c10,福特(长安) 嘉年华 1.6L 03/03 -> 06/06,52a89b89098e71b2e50008e8,长安福特 嘉年华 03款 1.6L 2003-2006
528af424098e718059003c1f,福特(长安) 福克斯 1.8L 09/05 -> ,52a89b8b098e71b2e50008f0,长安福特 福克斯  1.8L 2005-2009
528af424098e718059003c2d,福特(长安) 福克斯 2.0L 09/05 -> ,52a89b8c098e71b2e50008f5,长安福特 福克斯  2.0L 2005-2009
528af424098e718059003c3a,福特(长安) 蒙迪欧 2.0L 05/03 -> ,52a89b8f098e71b2e5000906,长安福特 蒙迪欧  2.0L(05'-07') 2005-2007
528af424098e718059003c5d,福特(长安) 蒙迪欧-致胜 2.0L 09/07 -> ,52a89b90098e71b2e5000908,长安福特 蒙迪欧 致胜 2.0L 2007-
528af424098e718059003c67,福特(长安) 蒙迪欧-致胜 2.3L 09/07 -> ,52a89b90098e71b2e500090a,长安福特 蒙迪欧 致胜 2.3L 2007-
52945603098e7144f90026e0,荣威(上汽) 950 2.0L 04/12->,52a89bb0098e71b2e5000be0,上海汽车荣威 荣威950 12款 2.L 2012-
52945603098e7144f90026e5,荣威(上汽) 950 2.4L TGI 04/12->,52a89bb0098e71b2e5000be1,上海汽车荣威 荣威950 12款 2.4L 2012-
52945604098e7144f90026ea,荣威(上汽) 950 3.0L V6 TGI 04/12->,52a89bb0098e71b2e5000be2,上海汽车荣威 荣威950 12款 3.L 2012-
52945604098e7144f90026f4,荣威(上汽) W5 1.8T 08/11->,52a89bb0098e71b2e5000bdd,上海汽车荣威 荣威W5  1.8T 2011.07-
52945604098e7144f90026f9,荣威(上汽) W5 3.2 08/11->,52a89bb0098e71b2e5000bde,上海汽车荣威 荣威W5  3.2L 2011.07-
528af428098e718059003dfc,菲亚特(进口) 博悦 1.4 16V 04/07 -> ,52a89b7b098e71b2e50007fe,菲亚特(进口） 博悦  1.4T 2007.9-2011
528af428098e718059003e56,菲亚特(进口) 朋多 1.4 16V 02/06 -> ,52a89b7b098e71b2e5000809,菲亚特(进口） 朋多  1.4L 2008-
52a89b79098e71b2e50007ec,南汽菲亚特 派力奥  1.3L 2001.5-2006.2,528af428098e718059003e72,菲亚特(南京) 派力奥 1.3L 01/02 -> 
52a89b7a098e71b2e50007f0,南汽菲亚特 派力奥  1.5L 2001.5-,528af429098e718059003e82,菲亚特(南京) 派力奥 1.5L 01/02 -> 
52a89b7a098e71b2e50007f2,南汽菲亚特 西耶那  1.3L 2001.5-2005,52945605098e7144f9002761,菲亚特(南京) 西耶那 1.3L 01/03->
52a89b7a098e71b2e50007f3,南汽菲亚特 西耶那  1.5L 2001.5-2006,528af429098e718059003e8d,菲亚特(南京) 西耶那 1.3L 01/03 -> 
52a89b7a098e71b2e50007f5,南汽菲亚特 周末风  1.3L 2001.5-2005,528af429098e718059003e95,菲亚特(南京) 西耶那 1.5L 01/03 -> 
528af42e098e718059004085,西雅特(进口) Leon 1.8 TSI FR / FR+ (1P1) 01/12 -> ,52a89b0e098e71b2e500013b,西亚特（进口） Leon  FR 1.8T 双离合 2012-
528af42e098e71805900408f,西雅特(进口) Leon 2.0 TSI CUPRA (1P1) 01/12 -> ,52a89b0e098e71b2e500013c,西亚特（进口） Leon  CUPRA 2.0T 双离合 2012-
528af430098e7180590041b6,起亚(东风) 狮跑 2.0L 01/09 -> ,528af42f098e71805900410e,起亚(进口) 狮跑 2.0i 09/04 -> 
528af430098e7180590041be,起亚(东风) 狮跑 2.7L 11/07 -> ,528af42f098e718059004116,起亚(进口) 狮跑 2.7i V6 09/04 -> 
52a89b79098e71b2e50007d2,道奇（进口） 酷威  2.7L 2009-,528af436098e718059004414,道奇(进口) 酷威 2.7 V6 06/08 -> 
52a89b79098e71b2e50007d4,道奇（进口） 酷搏  SXT 2.0L 2008-,528af436098e71805900440d,道奇(进口) 酷搏 2.0 16V 07/06 -> 
528af437098e7180590044bb,铃木(长安) 羚羊 1.3L 01/01 -> ,52a89bad098e71b2e5000b97,长安铃木 羚羊 11款 1.3L 2010.12-
52a89b3c098e71b2e5000297,雪佛兰（进口） 科帕奇 07款 2.4L 2007-,528af43a098e7180590045b5,雪佛兰(进口) 科帕奇 2.4 06/06 -> 
52a89b3d098e71b2e5000299,雪佛兰（进口） 科帕奇 08款 3.2L 2008-,528af43a098e7180590045b9,雪佛兰(进口) 科帕奇 3.2 V6 09/06 -> 
52a89b36098e71b2e5000273,上海通用雪佛兰 乐骋  1.4L 2005.07-,528af43a098e7180590045ec,雪佛兰(上海通用) 乐骋 1.4L 07/05 -> 05/10
52a89b36098e71b2e5000275,上海通用雪佛兰 乐骋  1.6L 2008-,528af43a098e7180590045f6,雪佛兰(上海通用) 乐骋 1.6L 03/08 -> 
52a89b37098e71b2e500027a,上海通用雪佛兰 爱唯欧  1.4L 2011-,528af43a098e7180590045cd,雪佛兰(上海通用) 爱唯欧 1.4L (T300) 05/11 -> 
52a89b37098e71b2e500027b,上海通用雪佛兰 爱唯欧  1.6L 2011-,528af43a098e7180590045d3,雪佛兰(上海通用) 爱唯欧 1.6L (T300) 05/11 -> 
52a89b37098e71b2e500027d,上海通用雪佛兰 乐风  1.4L 2005-,528af43b098e718059004654,雪佛兰(上海通用) 乐风 1.4L 03/06 -> 07/11
52a89b38098e71b2e500027e,上海通用雪佛兰 乐风  1.6L 2005-,528af43b098e71805900465e,雪佛兰(上海通用) 乐风 1.6L 01/06 -> 03/11
52a89b39098e71b2e5000284,上海通用雪佛兰 景程  1.8L 2005.1-2007.3,528af43b098e718059004631,雪佛兰(上海通用) 景程 1.8L 10/09 -> 
52a89b39098e71b2e5000286,上海通用雪佛兰 景程  2.0L 2005.1-2007.3,528af43b098e71805900463d,雪佛兰(上海通用) 景程 2.0L 04/06 -> 09/09
52a89b3a098e71b2e500028a,上海通用雪佛兰 科鲁兹  1.6L 2009.04-2010.11,528af43a098e718059004618,雪佛兰(上海通用) 科鲁兹 1.6L 04/09 -> 
52a89b3a098e71b2e500028b,上海通用雪佛兰 科鲁兹  1.8L 2009.04-2010.11,528af43b098e718059004624,雪佛兰(上海通用) 科鲁兹 1.8L 04/09 -> 
52a89b3b098e71b2e500028d,上海通用雪佛兰 科鲁兹  1.6T 2010.11-,528af43a098e71805900460e,雪佛兰(上海通用) 科鲁兹 1.6 T 11/10 -> 
52a89b3c098e71b2e5000291,上海通用雪佛兰 迈锐宝   1.6T 2012.06-,528af43b098e71805900466b,雪佛兰(上海通用) 迈锐宝 1.6T 08/12 -> 
52a89b3c098e71b2e5000293,上海通用雪佛兰 迈锐宝   2.0L 2012-,528af43b098e718059004675,雪佛兰(上海通用) 迈锐宝 2.0L 02/12 -> 
52a89b3c098e71b2e5000294,上海通用雪佛兰 迈锐宝   2.4L 2012-,528af43b098e71805900467d,雪佛兰(上海通用) 迈锐宝 2.4L 02/12 -> 
52945621098e7144f9002cec,雪铁龙(东风) C5 3.0L 01/10->,52945620098e7144f9002caa,雪铁龙(进口) C5 3.0 V6 09/04->
528af440098e718059004840,雪铁龙(东风) 赛纳毕加索 1.6L (N68; N7) 11/01 -> ,528af43e098e71805900477c,雪铁龙(进口) 塞纳毕加索 1.6i 09/00 -> 
528af440098e71805900484a,雪铁龙(东风) 赛纳毕加索 2.0L (N68; N7) 04/02 -> ,528af43e098e718059004792,雪铁龙(进口) 塞纳毕加索 2.0i 16V 01/03 -> 
528af441098e7180590048c1,雷诺(进口) 风朗 2.0 16V 02/10 -> ,52a89bad098e71b2e5000b9a,雷诺进口 风朗  2.0L 2011-
528af441098e7180590048c8,雷诺(进口) 科雷傲 2.5 09/08 -> ,52a89bad098e71b2e5000b9c,雷诺进口 科雷傲  2.5L 2009-
528af44b098e718059004c87,马自达(一汽) 马自达6 2.0L 04/03 -> ,52a89bae098e71b2e5000ba7,一汽马自达 马自达 6 2.0L 2003-
528af44b098e718059004c8f,马自达(一汽) 马自达6 2.3L 04/03 -> ,52a89bae098e71b2e5000ba4,一汽马自达 马自达 6 2.3L 2003-
52945633098e7144f900306a,马自达(长安) 马自达3 1.6L 09/11->,52a89bae098e71b2e5000baa,长安马自达 马自达3 新星骋 1.6L 2011-
52945634098e7144f9003070,马自达(长安) 马自达3 2.0L 09/11->,52a89bae098e71b2e5000bab,长安马自达 马自达3 新星骋 2.0L 2011-
