52a89b73098e71b2e500076a,东南三菱汽车 菱绅  2.4L 2004.6-2006,W 610/3
52a89b73098e71b2e500076b,东南三菱汽车 菱绅  2.4L 2006-,W 811/80
52a89b74098e71b2e500076d,东南三菱汽车 戈蓝 07款 2.4L 2006-2009,W 811/80,,528af399098e71805900005a,三菱 戈蓝 2.4L 09/06 -> ,W 811/80
52a89b74098e71b2e500076e,东南三菱汽车 戈蓝 09款 2.0L 2009-2012,W 811/80
52a89b74098e71b2e500076f,东南三菱汽车 戈蓝 09款 2.4L 2009-2012,W 811/80
52a89b74098e71b2e5000770,东南三菱汽车 戈蓝 12款 2.0L 2012-
52a89b74098e71b2e5000771,东南三菱汽车 戈蓝 12款 2.4L 2012-
52a89b74098e71b2e5000773,东南三菱汽车 君阁 09款 2.0L 2008.12-2011,W 610/3
52a89b74098e71b2e5000774,东南三菱汽车 君阁 11款 2.0L 2011-,W 610/3
52a89b74098e71b2e5000776,东南三菱汽车 蓝瑟  1.6L 2006-2012,W 610/3,,528af399098e71805900006c,三菱 蓝瑟 1.6L 05/06 -> ,W 610/3
52a89b74098e71b2e5000777,东南三菱汽车 蓝瑟  2.4L 2006-,W 610/3
52a89b74098e71b2e5000778,东南三菱汽车 蓝瑟 菱绅EXiAT 2.4L 2007-,W 610/3
52a89b74098e71b2e5000779,东南三菱汽车 蓝瑟  2.0L 2008.6-
52a89b74098e71b2e500077a,东南三菱汽车 蓝瑟 12款 1.6L12' 2012-
52a89b74098e71b2e500077c,东南三菱汽车 三菱翼神  1.8L 2010-,W 610/3
52a89b74098e71b2e500077e,东南三菱汽车 三菱翼神  2.0L 2010-,W 610/3,,528af399098e718059000063,三菱 翼神 2.0L 11/09 -> ,W 610/3
