52a89b81098e71b2e500083b,广汽丰田 凯美瑞 06款 200G 2006-2011,W 610/9,,528af3a2098e7180590003f9,丰田(广州) 凯美瑞 2.0L 06/06 -> 12/11,W 610/9
52a89b81098e71b2e500083d,广汽丰田 凯美瑞 06款 200E 2006-2011,W 610/9
52a89b81098e71b2e500083e,广汽丰田 凯美瑞 06款 240V 2006-2011,W 610/9,,528af3a2098e718059000401,丰田(广州) 凯美瑞 2.4L 06/06 -> 12/11,W 610/9
52a89b81098e71b2e500083f,广汽丰田 凯美瑞 06款 240E 2006-2011,W 610/9,,528af3a2098e718059000412,丰田(广州) 凯美瑞 2.4L 03/10 -> 12/11,W 610/9
52a89b82098e71b2e5000840,广汽丰田 凯美瑞 06款 240G 2006-2011,W 610/9
52a89b82098e71b2e5000841,广汽丰田 凯美瑞 12款 骏 2.0S 2011-,,,52945537098e7144f90002c7,丰田(广州) 凯美瑞 2.0L 12/11->
52a89b82098e71b2e5000842,广汽丰田 凯美瑞 12款 尊 2.5L 2011-,,,528af3a2098e718059000409,丰田(广州) 凯美瑞 2.5L 12/11 -> 
52a89b82098e71b2e5000843,广汽丰田 凯美瑞 12款 骏 2.5G 2011-
52a89b82098e71b2e5000844,广汽丰田 凯美瑞 12款Hybrid 240HG 油电混合 2011-,W 610/9
52a89b83098e71b2e5000845,广汽丰田 凯美瑞 12款Hybrid 240HV 油电混合 2011-,W 610/9
52a89b83098e71b2e5000846,广汽丰田 凯美瑞 12款Hybrid 240HV G-Book 油电混合 2011-,W 610/9
52a89b83098e71b2e5000848,广汽丰田 雅力士 09款 1.3L 2008-2010,W 610/4,,528af3a2098e71805900043f,丰田(广州) 雅力士 1.3L 06/08 -> 09/10,W 68/3
52a89b83098e71b2e5000849,广汽丰田 雅力士 09款 1.6L 2008-2010,W 610/4,,528af3a3098e718059000445,丰田(广州) 雅力士 1.6L 06/08 -> 09/10,W 68/3
52a89b83098e71b2e500084a,广汽丰田 雅力士 11款 1.3L 2010-
52a89b83098e71b2e500084b,广汽丰田 雅力士 11款 1.6L 2010-
52a89b84098e71b2e500084d,广汽丰田 汉兰达  2.7L两驱 2009-2012,,,528af3a2098e718059000434,丰田(广州) 汉兰达 2.7L 05/09 -> 05/12
52a89b84098e71b2e500084f,广汽丰田 汉兰达  3.5L四驱 2009-2012,,,528af3a2098e718059000438,丰田(广州) 汉兰达 3.5L 05/09 -> 05/12
52a89b84098e71b2e5000850,广汽丰田 汉兰达 12款 2.7L两驱 2012-,,,52945538098e7144f90002fa,丰田(广州) 汉兰达 2.7L 06/12->
52a89b84098e71b2e5000851,广汽丰田 汉兰达 12款 3.5L四驱 2012-
52a89b84098e71b2e5000853,广汽丰田 逸致  1.6L 2011.06-,,,528af3a2098e71805900041b,丰田(广州) 逸致 1.6L 06/11 -> ,W 68/3
52a89b84098e71b2e5000854,广汽丰田 逸致  1.8L 2011.06-,,,528af3a2098e718059000423,丰田(广州) 逸致 1.8L 06/11 -> ,W 68/3
52a89b84098e71b2e5000855,广汽丰田 逸致  2.0L 2011.06-,,,528af3a2098e71805900042b,丰田(广州) 逸致 2.0L 06/11 -> 



,,,,52945537098e7144f90002c1,丰田(广州) 凯美瑞 2.0L 06/06->12/11

,,,,52945537098e7144f90002d1,丰田(广州) 凯美瑞 2.5L 12/11->

,,,,52945537098e7144f90002da,丰田(广州) 凯美瑞 2.4L 03/10->12/11



,,,,52945538098e7144f90002e4,丰田(广州) 逸致 1.8L 06/11->


,,,,52945538098e7144f90002f3,丰田(广州) 汉兰达 2.7L 05/09->05/12



,,,,52945538098e7144f900030e,丰田(广州) 雅力士 1.6L 06/08->09/10
