528af3eb098e7180590023e3,日产(东风) 蓝鸟 2.0L 06/01 -> 12/06,W 610/4
528af3eb098e7180590023ec,日产(东风) 轩逸 1.6L 07/06 -> 03/09,W 67/1
528af3eb098e7180590023f2,日产(东风) 轩逸 2.0L 07/06 -> 03/09,W 67/1
528af3eb098e7180590023fb,日产(东风) 骏逸 1.8L 10/06 -> ,W 67/1
528af3eb098e718059002404,日产(东风) 骊威 1.6L 04/07 -> 04/10,W 67/1
528af3eb098e71805900240d,日产(东风) 玛驰 1.5L 07/10 -> ,W 67/1
528af3eb098e718059002416,日产(东风) 楼兰 3.5L 09/11 -> ,W 67/1,,52a89baf098e71b2e5000bc7,东风日产 楼兰
528af3eb098e718059002421,日产(东风) 逍客 1.6L 02/08 -> 11/10,W 67/1,,52a89baf098e71b2e5000bc4,东风日产 逍客  1.6L 2011.01-,W 67/1
528af3eb098e718059002429,日产(东风) 逍客 2.0L 02/08 -> 10/10,W 67/1,,52a89baf098e71b2e5000bc2,东风日产 逍客  2.0L 2009.1-,W 67/1
528af3eb098e718059002434,日产(东风) 阳光 1.5L 12/10 -> ,W 67/1
528af3eb098e718059002438,日产(东风) 阳光 2.0L 06/03 -> 12/10,W 67/1
528af3ec098e718059002445,日产(东风) 天籁 2.0L 09/04 -> 06/08,W 67/1
528af3ec098e71805900244d,日产(东风) 天籁 2.3L 09/04 -> 06/08,W 67/1
528af3ec098e718059002455,日产(东风) 天籁 3.5L 09/04 -> 06/08,W 67/1
528af3ec098e718059002460,日产(东风) 天籁 2.0L (J32) 06/08 -> ,W 67/1
528af3ec098e718059002466,日产(东风) 天籁 2.5L (J32) 06/08 -> ,W 67/1
528af3ec098e71805900246e,日产(东风) 天籁 3.5L (J32) 06/08 -> 11/10,W 67/1
528af3ec098e718059002479,日产(东风) 骐达 1.6L 07/05 -> 04/11,W 67/1
528af3ec098e718059002481,日产(东风) 骐达 1.6T 05/11 -> ,W 67/1,,52a89baf098e71b2e5000bc0,东风日产 骐达 新 1.6T 2011-
528af3ec098e718059002488,日产(东风) 颐达 1.6L 04/05 -> 04/11,W 67/1
528af3ec098e718059002493,日产(东风) 奇骏 2.0L 11/08 -> ,W 67/1
528af3ec098e71805900249b,日产(东风) 奇骏 2.5L 11/08 -> ,W 67/1
529455a6098e7144f90016d7,日产(东风) 轩逸 1.6L 07/06->03/09
529455a6098e7144f90016dc,日产(东风) 轩逸 1.6L 04/09->07/12
529455a6098e7144f90016e1,日产(东风) 轩逸 2.0L 07/06->03/09
529455a6098e7144f90016e6,日产(东风) 轩逸 2.0L 04/09->07/12


,,,,52a89baf098e71b2e5000bc5,东风日产 逍客  2.0L 2011.01-,W 67/1

,,,,Murano  3.5L 2011.09-
