528af3ec098e7180590024af,本田(进口) 雅阁 2.0 (CL7; CL8; CM1) 02/03 -> ,W 610/3
528af3ed098e7180590024b5,本田(进口) 雅阁 2.2 i-CDTi 01/04 -> ,HU 718/6 x
528af3ed098e7180590024c1,本田(进口) 雅阁 2.4 (CL9; CM2) 02/03 -> ,W 610/3
529455ac098e7144f900182e,本田(进口) 雅阁 2.0 VTEC 10/99->12/02
528af3ed098e7180590024ca,本田(进口) 思域 1.6i (ED7) 10/87 -> 09/91,W 814/80
528af3ed098e7180590024d4,本田(进口) 思域 1.6i 16V 09/87 -> 09/91,W 814/80
528af3ed098e7180590024da,本田(进口) 思域 1.6i 16V 4WD (ED4) 01/88 -> 09/91,W 814/80
528af3ed098e7180590024e0,本田(进口) 思域 1.6i GL (ED7) 10/87 -> 09/91,W 814/80
528af3ed098e7180590024e6,本田(进口) 思域 1.6i GL (ED4) 10/87 -> 09/91,W 814/80
528af3ed098e7180590024ec,本田(进口) 思域 1.6i VTEC (EE9) 10/89 -> 09/91,W 814/80
529455a8098e7144f9001785,本田(进口) 思域 1.6i GL (ED4) 10/89->09/91
528af3ed098e7180590024f3,本田(进口) 思域 1.6 ESi 16V (EG5) 10/91 -> 11/95,W 814/80
528af3ed098e7180590024ff,本田(进口) 思域 1.6 ESi 16V (EH9) 10/91 -> 11/95,W 814/80
528af3ed098e718059002507,本田(进口) 思域 1.6 ESi Coupe (EJ1) 01/94 -> 12/96,W 814/80
528af3ed098e71805900250f,本田(进口) 思域 1.6 VTi 16V (EG6/EG9) 10/91 -> 11/95,W 814/80
528af3ed098e71805900251a,本田(进口) 思域 1.6 16V (MB4/MC1) 01/97 -> 04/01,W 610/6
528af3ee098e718059002528,本田(进口) 思域 1.6 VTi (EK4) 11/95 -> 04/01,W 814/80
528af3ee098e718059002534,本田(进口) 思域 1.6 VTi (MB4) 01/97 -> 04/01,W 610/6
528af3ee098e71805900253e,本田(进口) 思域 1.6i (EK1) 11/95 -> 04/01,W 610/6
528af3ee098e718059002548,本田(进口) 思域 1.6i (EJ6) 11/95 -> 04/01,W 610/6
528af3ee098e718059002552,本田(进口) 思域 1.6i (MB1) 09/94 -> 03/97,W 610/6
528af3ee098e71805900255c,本田(进口) 思域 1.6i VTEC (EK) 11/95 -> 04/01,W 610/6
528af3ee098e718059002566,本田(进口) 思域 1.6i VTEC (MB1) 09/94 -> 03/97,W 610/6
528af3ee098e718059002573,本田(进口) 思域 1.7i 02/01 -> ,W 610/3
528af3ee098e718059002579,本田(进口) 思域 1.7i LS 02/01 -> ,W 610/6
529455aa098e7144f90017cb,本田(进口) 思域 1.7i 02/01->
529455aa098e7144f90017ce,本田(进口) 思域 1.7i LS 02/01->
528af3ee098e718059002582,本田(进口) 思域 1.3i DSi Hybrid (FD3) 05/06 -> ,W 610/6
528af3ee098e718059002588,本田(进口) 思域 1.3i IMA 01/04 -> 09/05,W 610/6
529455aa098e7144f90017d4,本田(进口) 思域 1.3i IMA 01/04->09/05
528af3ef098e718059002591,本田(进口) 思威 2.0 16V (RD8) 07/02 -> 09/06,W 610/6
528af3ef098e718059002599,本田(进口) 思威 2.2 CDTi (RD8) 02/05 -> 09/06,HU 718/6 x
529455aa098e7144f90017dc,本田(进口) 思威 2.2 CDTi (RD8) 02/05->09/06
528af3ef098e7180590025a4,本田(进口) 思威 2.0 VTEC 01/07 -> ,W 610/6
528af3ef098e7180590025aa,本田(进口) 思威 2.2 CDTi 01/07 -> ,HU 712/9 x
529455aa098e7144f90017df,本田(进口) 思威 2.0 VTEC 01/07->
529455aa098e7144f90017e2,本田(进口) 思威 2.2 CDTi 01/07->
528af3ef098e7180590025b5,本田(进口) CR-Z 1.5 Hybrid 05/10 -> ,W 610/6,,52a89b58098e71b2e50004c6,本田（进口） CR-Z 12款 1.5L混合动力 2012-
529455aa098e7144f90017e5,本田(进口) CR-Z 1.5 Hybrid 05/10->
528af3ef098e7180590025c0,本田(进口) 里程 3.5i V6 (KB1) 09/06 -> ,W 610/6
528af3ef098e7180590025c6,本田(进口) 里程 3.5i V6 (KA9) 02/96 -> ,W 610/6
528af3ef098e7180590025cf,本田(进口) S2000 2.0 06/99 -> ,W 610/6
528af3ef098e7180590025d6,本田(进口) Shuttle 2.3 16V 10/97 -> ,W 610/6
529455ab098e7144f90017f1,本田(进口) Shuttle 2.3 16V 10/97->
528af3ef098e7180590025e3,本田(进口) Stream 1.7 16V 03/01 -> ,W 610/3
528af3ef098e7180590025ed,本田(进口) Stream 2.0 ES 16V 03/01 -> ,W 610/3
529455ab098e7144f90017f6,本田(进口) Stream 1.7 16V 03/01->
529455ab098e7144f90017fb,本田(进口) Stream 2.0 ES 16V 03/01->
